EcoCyc_accession_id,EcoCyc_locus_tag,EcoCyc_rna_name,EcoCyc_rna_name_synonyms,EcoCyc_start,EcoCyc_end,EcoCyc_strand,EcoCyc_sequence,EcoCyc_accession-2
hsa-miR-92a-3p,hsa-miR-92a-3p,hsa-miR-92a-3p,hsa-miR-92a-3p,0,0,+,UAUUGCACUUGUCCCGGCCUGU,hsa-miR-92a-3p
hsa-miR-500a-5p,hsa-miR-500a-5p,hsa-miR-500a-5p,hsa-miR-500a-5p,0,0,+,UAAUCCUUGCUACCUGGGUGAGA,hsa-miR-500a-5p
hsa-miR-181a-5p,hsa-miR-181a-5p,hsa-miR-181a-5p,hsa-miR-181a-5p,0,0,+,AACAUUCAACGCUGUCGGUGAGU,hsa-miR-181a-5p
hsa-miR-194-5p,hsa-miR-194-5p,hsa-miR-194-5p,hsa-miR-194-5p,0,0,+,UGUAACAGCAACUCCAUGUGGA,hsa-miR-194-5p
hsa-miR-122-5p,hsa-miR-122-5p,hsa-miR-122-5p,hsa-miR-122-5p,0,0,+,UGGAGUGUGACAAUGGUGUUUG,hsa-miR-122-5p
hsa-miR-151a-3p,hsa-miR-151a-3p,hsa-miR-151a-3p,hsa-miR-151a-3p,0,0,+,CUAGACUGAAGCUCCUUGAGG,hsa-miR-151a-3p
hsa-miR-27a-3p,hsa-miR-27a-3p,hsa-miR-27a-3p,hsa-miR-27a-3p,0,0,+,UUCACAGUGGCUAAGUUCCGC,hsa-miR-27a-3p
hsa-miR-30c-5p,hsa-miR-30c-5p,hsa-miR-30c-5p,hsa-miR-30c-5p,0,0,+,UGUAAACAUCCUACACUCUCAGC,hsa-miR-30c-5p
hsa-miR-191-5p,hsa-miR-191-5p,hsa-miR-191-5p,hsa-miR-191-5p,0,0,+,CAACGGAAUCCCAAAAGCAGCUG,hsa-miR-191-5p
hsa-miR-26a-5p,hsa-miR-26a-5p,hsa-miR-26a-5p,hsa-miR-26a-5p,0,0,+,UUCAAGUAAUCCAGGAUAGGCU,hsa-miR-26a-5p
hsa-miR-17-5p,hsa-miR-17-5p,hsa-miR-17-5p,hsa-miR-17-5p,0,0,+,CAAAGUGCUUACAGUGCAGGUAG,hsa-miR-17-5p
hsa-miR-23a-3p,hsa-miR-23a-3p,hsa-miR-23a-3p,hsa-miR-23a-3p,0,0,+,AUCACAUUGCCAGGGAUUUCC,hsa-miR-23a-3p
hsa-miR-103a-3p,hsa-miR-103a-3p,hsa-miR-103a-3p,hsa-miR-103a-3p,0,0,+,AGCAGCAUUGUACAGGGCUAUGA,hsa-miR-103a-3p
hsa-miR-99a-5p,hsa-miR-99a-5p,hsa-miR-99a-5p,hsa-miR-99a-5p,0,0,+,AACCCGUAGAUCCGAUCUUGUG,hsa-miR-99a-5p
hsa-miR-19a-3p,hsa-miR-19a-3p,hsa-miR-19a-3p,hsa-miR-19a-3p,0,0,+,UGUGCAAAUCUAUGCAAAACUGA,hsa-miR-19a-3p
hsa-miR-30b-5p,hsa-miR-30b-5p,hsa-miR-30b-5p,hsa-miR-30b-5p,0,0,+,UGUAAACAUCCUACACUCAGCU,hsa-miR-30b-5p
hsa-miR-181b-5p,hsa-miR-181b-5p,hsa-miR-181b-5p,hsa-miR-181b-5p,0,0,+,AACAUUCAUUGCUGUCGGUGGGU,hsa-miR-181b-5p
hsa-miR-16-5p,hsa-miR-16-5p,hsa-miR-16-5p,hsa-miR-16-5p,0,0,+,UAGCAGCACGUAAAUAUUGGCG,hsa-miR-16-5p
hsa-miR-21-5p,hsa-miR-21-5p,hsa-miR-21-5p,hsa-miR-21-5p,0,0,+,UAGCUUAUCAGACUGAUGUUGA,hsa-miR-21-5p
hsa-miR-769-3p,hsa-miR-769-3p,hsa-miR-769-3p,hsa-miR-769-3p,0,0,+,CUGGGAUCUCCGGGGUCUUGGUU,hsa-miR-769-3p
hsa-miR-501-5p,hsa-miR-501-5p,hsa-miR-501-5p,hsa-miR-501-5p,0,0,+,AAUCCUUUGUCCCUGGGUGAGA,hsa-miR-501-5p
hsa-miR-106b-5p,hsa-miR-106b-5p,hsa-miR-106b-5p,hsa-miR-106b-5p,0,0,+,UAAAGUGCUGACAGUGCAGAU,hsa-miR-106b-5p
hsa-miR-769-5p,hsa-miR-769-5p,hsa-miR-769-5p,hsa-miR-769-5p,0,0,+,UGAGACCUCUGGGUUCUGAGCU,hsa-miR-769-5p
hsa-miR-320a,hsa-miR-320a,hsa-miR-320a,hsa-miR-320a,0,0,+,AAAAGCUGGGUUGAGAGGGCGA,hsa-miR-320a
hsa-miR-484,hsa-miR-484,hsa-miR-484,hsa-miR-484,0,0,+,UCAGGCUCAGUCCCCUCCCGAU,hsa-miR-484
hsa-miR-130b-3p,hsa-miR-130b-3p,hsa-miR-130b-3p,hsa-miR-130b-3p,0,0,+,CAGUGCAAUGAUGAAAGGGCAU,hsa-miR-130b-3p
hsa-miR-196a-5p,hsa-miR-196a-5p,hsa-miR-196a-5p,hsa-miR-196a-5p,0,0,+,UAGGUAGUUUCAUGUUGUUGGG,hsa-miR-196a-5p
hsa-miR-423-3p,hsa-miR-423-3p,hsa-miR-423-3p,hsa-miR-423-3p,0,0,+,AGCUCGGUCUGAGGCCCCUCAGU,hsa-miR-423-3p
hsa-miR-146a-5p,hsa-miR-146a-5p,hsa-miR-146a-5p,hsa-miR-146a-5p,0,0,+,UGAGAACUGAAUUCCAUGGGUU,hsa-miR-146a-5p
hsa-miR-1296,hsa-miR-1296,hsa-miR-1296,hsa-miR-1296,0,0,+,UUAGGGCCCUGGCUCCAUCUCC,hsa-miR-1296
hsa-miR-26b-5p,hsa-miR-26b-5p,hsa-miR-26b-5p,hsa-miR-26b-5p,0,0,+,UUCAAGUAAUUCAGGAUAGGU,hsa-miR-26b-5p
hsa-miR-374a-5p,hsa-miR-374a-5p,hsa-miR-374a-5p,hsa-miR-374a-5p,0,0,+,UUAUAAUACAACCUGAUAAGUG,hsa-miR-374a-5p
hsa-miR-193a-3p,hsa-miR-193a-3p,hsa-miR-193a-3p,hsa-miR-193a-3p,0,0,+,AACUGGCCUACAAAGUCCCAGU,hsa-miR-193a-3p
hsa-miR-574-3p,hsa-miR-574-3p,hsa-miR-574-3p,hsa-miR-574-3p,0,0,+,CACGCUCAUGCACACACCCACA,hsa-miR-574-3p
hsa-miR-185-5p,hsa-miR-185-5p,hsa-miR-185-5p,hsa-miR-185-5p,0,0,+,UGGAGAGAAAGGCAGUUCCUGA,hsa-miR-185-5p
hsa-miR-20a-5p,hsa-miR-20a-5p,hsa-miR-20a-5p,hsa-miR-20a-5p,0,0,+,UAAAGUGCUUAUAGUGCAGGUAG,hsa-miR-20a-5p
hsa-miR-93-5p,hsa-miR-93-5p,hsa-miR-93-5p,hsa-miR-93-5p,0,0,+,CAAAGUGCUGUUCGUGCAGGUAG,hsa-miR-93-5p
hsa-miR-483-5p,hsa-miR-483-5p,hsa-miR-483-5p,hsa-miR-483-5p,0,0,+,AAGACGGGAGGAAAGAAGGGAG,hsa-miR-483-5p
hsa-miR-186-5p,hsa-miR-186-5p,hsa-miR-186-5p,hsa-miR-186-5p,0,0,+,CAAAGAAUUCUCCUUUUGGGCU,hsa-miR-186-5p
hsa-miR-210,hsa-miR-210,hsa-miR-210,hsa-miR-210,0,0,+,CUGUGCGUGUGACAGCGGCUGA,hsa-miR-210
hsa-miR-568,hsa-miR-568,hsa-miR-568,hsa-miR-568,0,0,+,AUGUAUAAAUGUAUACACAC,hsa-miR-568
hsa-miR-192-5p,hsa-miR-192-5p,hsa-miR-192-5p,hsa-miR-192-5p,0,0,+,CUGACCUAUGAAUUGACAGCC,hsa-miR-192-5p
hsa-miR-27b-3p,hsa-miR-27b-3p,hsa-miR-27b-3p,hsa-miR-27b-3p,0,0,+,UUCACAGUGGCUAAGUUCUGC,hsa-miR-27b-3p
hsa-miR-454-3p,hsa-miR-454-3p,hsa-miR-454-3p,hsa-miR-454-3p,0,0,+,UAGUGCAAUAUUGCUUAUAGGGU,hsa-miR-454-3p
hsa-miR-29b-3p,hsa-miR-29b-3p,hsa-miR-29b-3p,hsa-miR-29b-3p,0,0,+,UAGCACCAUUUGAAAUCAGUGUU,hsa-miR-29b-3p
hsa-miR-182-5p,hsa-miR-182-5p,hsa-miR-182-5p,hsa-miR-182-5p,0,0,+,UUUGGCAAUGGUAGAACUCACACU,hsa-miR-182-5p
hsa-miR-4761-3p,hsa-miR-4761-3p,hsa-miR-4761-3p,hsa-miR-4761-3p,0,0,+,GAGGGCAUGCGCACUUUGUCC,hsa-miR-4761-3p
hsa-miR-15b-5p,hsa-miR-15b-5p,hsa-miR-15b-5p,hsa-miR-15b-5p,0,0,+,UAGCAGCACAUCAUGGUUUACA,hsa-miR-15b-5p
hsa-miR-20a-3p,hsa-miR-20a-3p,hsa-miR-20a-3p,hsa-miR-20a-3p,0,0,+,ACUGCAUUAUGAGCACUUAAAG,hsa-miR-20a-3p
hsa-miR-15a-5p,hsa-miR-15a-5p,hsa-miR-15a-5p,hsa-miR-15a-5p,0,0,+,UAGCAGCACAUAAUGGUUUGUG,hsa-miR-15a-5p
hsa-miR-24-3p,hsa-miR-24-3p,hsa-miR-24-3p,hsa-miR-24-3p,0,0,+,UGGCUCAGUUCAGCAGGAACAG,hsa-miR-24-3p
hsa-miR-222-3p,hsa-miR-222-3p,hsa-miR-222-3p,hsa-miR-222-3p,0,0,+,AGCUACAUCUGGCUACUGGGU,hsa-miR-222-3p
hsa-miR-193b-3p,hsa-miR-193b-3p,hsa-miR-193b-3p,hsa-miR-193b-3p,0,0,+,AACUGGCCCUCAAAGUCCCGCU,hsa-miR-193b-3p
hsa-miR-362-3p,hsa-miR-362-3p,hsa-miR-362-3p,hsa-miR-362-3p,0,0,+,AACACACCUAUUCAAGGAUUCA,hsa-miR-362-3p
hsa-miR-455-5p,hsa-miR-455-5p,hsa-miR-455-5p,hsa-miR-455-5p,0,0,+,UAUGUGCCUUUGGACUACAUCG,hsa-miR-455-5p
hsa-miR-29a-3p,hsa-miR-29a-3p,hsa-miR-29a-3p,hsa-miR-29a-3p,0,0,+,UAGCACCAUCUGAAAUCGGUUA,hsa-miR-29a-3p
hsa-miR-30a-5p,hsa-miR-30a-5p,hsa-miR-30a-5p,hsa-miR-30a-5p,0,0,+,UGUAAACAUCCUCGACUGGAAG,hsa-miR-30a-5p
hsa-miR-1269a,hsa-miR-1269a,hsa-miR-1269a,hsa-miR-1269a,0,0,+,CUGGACUGAGCCGUGCUACUGG,hsa-miR-1269a
hsa-miR-503,hsa-miR-503,hsa-miR-503,hsa-miR-503,0,0,+,UAGCAGCGGGAACAGUUCUGCAG,hsa-miR-503
hsa-miR-455-3p,hsa-miR-455-3p,hsa-miR-455-3p,hsa-miR-455-3p,0,0,+,GCAGUCCAUGGGCAUAUACAC,hsa-miR-455-3p
hsa-miR-33a-5p,hsa-miR-33a-5p,hsa-miR-33a-5p,hsa-miR-33a-5p,0,0,+,GUGCAUUGUAGUUGCAUUGCA,hsa-miR-33a-5p
hsa-miR-130a-3p,hsa-miR-130a-3p,hsa-miR-130a-3p,hsa-miR-130a-3p,0,0,+,CAGUGCAAUGUUAAAAGGGCAU,hsa-miR-130a-3p
hsa-miR-190a,hsa-miR-190a,hsa-miR-190a,hsa-miR-190a,0,0,+,UGAUAUGUUUGAUAUAUUAGGU,hsa-miR-190a
hsa-miR-19b-3p,hsa-miR-19b-3p,hsa-miR-19b-3p,hsa-miR-19b-3p,0,0,+,UGUGCAAAUCCAUGCAAAACUGA,hsa-miR-19b-3p
hsa-miR-122-3p,hsa-miR-122-3p,hsa-miR-122-3p,hsa-miR-122-3p,0,0,+,AACGCCAUUAUCACACUAAAUA,hsa-miR-122-3p
hsa-miR-423-5p,hsa-miR-423-5p,hsa-miR-423-5p,hsa-miR-423-5p,0,0,+,UGAGGGGCAGAGAGCGAGACUUU,hsa-miR-423-5p
hsa-miR-1180,hsa-miR-1180,hsa-miR-1180,hsa-miR-1180,0,0,+,UUUCCGGCUCGCGUGGGUGUGU,hsa-miR-1180
hsa-miR-125a-5p,hsa-miR-125a-5p,hsa-miR-125a-5p,hsa-miR-125a-5p,0,0,+,UCCCUGAGACCCUUUAACCUGUGA,hsa-miR-125a-5p
hsa-miR-32-5p,hsa-miR-32-5p,hsa-miR-32-5p,hsa-miR-32-5p,0,0,+,UAUUGCACAUUACUAAGUUGCA,hsa-miR-32-5p
hsa-miR-148a-3p,hsa-miR-148a-3p,hsa-miR-148a-3p,hsa-miR-148a-3p,0,0,+,UCAGUGCACUACAGAACUUUGU,hsa-miR-148a-3p
hsa-miR-378d,hsa-miR-378d,hsa-miR-378d,hsa-miR-378d,0,0,+,ACUGGACUUGGAGUCAGAAA,hsa-miR-378d
hsa-miR-664-3p,hsa-miR-664-3p,hsa-miR-664-3p,hsa-miR-664-3p,0,0,+,UAUUCAUUUAUCCCCAGCCUACA,hsa-miR-664-3p
hsa-miR-342-3p,hsa-miR-342-3p,hsa-miR-342-3p,hsa-miR-342-3p,0,0,+,UCUCACACAGAAAUCGCACCCGU,hsa-miR-342-3p
hsa-miR-18a-5p,hsa-miR-18a-5p,hsa-miR-18a-5p,hsa-miR-18a-5p,0,0,+,UAAGGUGCAUCUAGUGCAGAUAG,hsa-miR-18a-5p
hsa-miR-197-3p,hsa-miR-197-3p,hsa-miR-197-3p,hsa-miR-197-3p,0,0,+,UUCACCACCUUCUCCACCCAGC,hsa-miR-197-3p
hsa-miR-190b,hsa-miR-190b,hsa-miR-190b,hsa-miR-190b,0,0,+,UGAUAUGUUUGAUAUUGGGUU,hsa-miR-190b
hsa-miR-17-3p,hsa-miR-17-3p,hsa-miR-17-3p,hsa-miR-17-3p,0,0,+,ACUGCAGUGAAGGCACUUGUAG,hsa-miR-17-3p
hsa-miR-107,hsa-miR-107,hsa-miR-107,hsa-miR-107,0,0,+,AGCAGCAUUGUACAGGGCUAUCA,hsa-miR-107
hsa-miR-365b-3p,hsa-miR-365b-3p,hsa-miR-365b-3p,hsa-miR-365b-3p,0,0,+,UAAUGCCCCUAAAAAUCCUUAU,hsa-miR-365b-3p
hsa-miR-425-5p,hsa-miR-425-5p,hsa-miR-425-5p,hsa-miR-425-5p,0,0,+,AAUGACACGAUCACUCCCGUUGA,hsa-miR-425-5p
hsa-miR-365a-3p,hsa-miR-365a-3p,hsa-miR-365a-3p,hsa-miR-365a-3p,0,0,+,UAAUGCCCCUAAAAAUCCUUAU,hsa-miR-365a-3p
hsa-miR-101-3p,hsa-miR-101-3p,hsa-miR-101-3p,hsa-miR-101-3p,0,0,+,UACAGUACUGUGAUAACUGAA,hsa-miR-101-3p
hsa-miR-671-5p,hsa-miR-671-5p,hsa-miR-671-5p,hsa-miR-671-5p,0,0,+,AGGAAGCCCUGGAGGGGCUGGAG,hsa-miR-671-5p
hsa-miR-301a-3p,hsa-miR-301a-3p,hsa-miR-301a-3p,hsa-miR-301a-3p,0,0,+,CAGUGCAAUAGUAUUGUCAAAGC,hsa-miR-301a-3p
hsa-miR-339-5p,hsa-miR-339-5p,hsa-miR-339-5p,hsa-miR-339-5p,0,0,+,UCCCUGUCCUCCAGGAGCUCACG,hsa-miR-339-5p
hsa-miR-22-3p,hsa-miR-22-3p,hsa-miR-22-3p,hsa-miR-22-3p,0,0,+,AAGCUGCCAGUUGAAGAACUGU,hsa-miR-22-3p
hsa-miR-421,hsa-miR-421,hsa-miR-421,hsa-miR-421,0,0,+,AUCAACAGACAUUAAUUGGGCGC,hsa-miR-421
hsa-miR-125b-5p,hsa-miR-125b-5p,hsa-miR-125b-5p,hsa-miR-125b-5p,0,0,+,UCCCUGAGACCCUAACUUGUGA,hsa-miR-125b-5p
hsa-miR-424-5p,hsa-miR-424-5p,hsa-miR-424-5p,hsa-miR-424-5p,0,0,+,CAGCAGCAAUUCAUGUUUUGAA,hsa-miR-424-5p
hsa-miR-7-5p,hsa-miR-7-5p,hsa-miR-7-5p,hsa-miR-7-5p,0,0,+,UGGAAGACUAGUGAUUUUGUUGUU,hsa-miR-7-5p
hsa-miR-3615,hsa-miR-3615,hsa-miR-3615,hsa-miR-3615,0,0,+,UCUCUCGGCUCCUCGCGGCUC,hsa-miR-3615
hsa-miR-140-3p,hsa-miR-140-3p,hsa-miR-140-3p,hsa-miR-140-3p,0,0,+,UACCACAGGGUAGAACCACGG,hsa-miR-140-3p
hsa-miR-99b-5p,hsa-miR-99b-5p,hsa-miR-99b-5p,hsa-miR-99b-5p,0,0,+,CACCCGUAGAACCGACCUUGCG,hsa-miR-99b-5p
hsa-miR-574-5p,hsa-miR-574-5p,hsa-miR-574-5p,hsa-miR-574-5p,0,0,+,UGAGUGUGUGUGUGUGAGUGUGU,hsa-miR-574-5p
hsa-miR-1972,hsa-miR-1972,hsa-miR-1972,hsa-miR-1972,0,0,+,UCAGGCCAGGCACAGUGGCUCA,hsa-miR-1972
hsa-miR-1295a,hsa-miR-1295a,hsa-miR-1295a,hsa-miR-1295a,0,0,+,UUAGGCCGCAGAUCUGGGUGA,hsa-miR-1295a
hsa-miR-483-3p,hsa-miR-483-3p,hsa-miR-483-3p,hsa-miR-483-3p,0,0,+,UCACUCCUCUCCUCCCGUCUU,hsa-miR-483-3p
hsa-miR-335-3p,hsa-miR-335-3p,hsa-miR-335-3p,hsa-miR-335-3p,0,0,+,UUUUUCAUUAUUGCUCCUGACC,hsa-miR-335-3p
hsa-miR-151a-5p,hsa-miR-151a-5p,hsa-miR-151a-5p,hsa-miR-151a-5p,0,0,+,UCGAGGAGCUCACAGUCUAGU,hsa-miR-151a-5p
hsa-miR-200b-3p,hsa-miR-200b-3p,hsa-miR-200b-3p,hsa-miR-200b-3p,0,0,+,UAAUACUGCCUGGUAAUGAUGA,hsa-miR-200b-3p
hsa-miR-532-5p,hsa-miR-532-5p,hsa-miR-532-5p,hsa-miR-532-5p,0,0,+,CAUGCCUUGAGUGUAGGACCGU,hsa-miR-532-5p
hsa-miR-28-3p,hsa-miR-28-3p,hsa-miR-28-3p,hsa-miR-28-3p,0,0,+,CACUAGAUUGUGAGCUCCUGGA,hsa-miR-28-3p
hsa-miR-188-5p,hsa-miR-188-5p,hsa-miR-188-5p,hsa-miR-188-5p,0,0,+,CAUCCCUUGCAUGGUGGAGGG,hsa-miR-188-5p
hsa-miR-34a-5p,hsa-miR-34a-5p,hsa-miR-34a-5p,hsa-miR-34a-5p,0,0,+,UGGCAGUGUCUUAGCUGGUUGU,hsa-miR-34a-5p
hsa-miR-25-3p,hsa-miR-25-3p,hsa-miR-25-3p,hsa-miR-25-3p,0,0,+,CAUUGCACUUGUCUCGGUCUGA,hsa-miR-25-3p
hsa-miR-10a-5p,hsa-miR-10a-5p,hsa-miR-10a-5p,hsa-miR-10a-5p,0,0,+,UACCCUGUAGAUCCGAAUUUGUG,hsa-miR-10a-5p
hsa-miR-3158-3p,hsa-miR-3158-3p,hsa-miR-3158-3p,hsa-miR-3158-3p,0,0,+,AAGGGCUUCCUCUCUGCAGGAC,hsa-miR-3158-3p
hsa-miR-320c,hsa-miR-320c,hsa-miR-320c,hsa-miR-320c,0,0,+,AAAAGCUGGGUUGAGAGGGU,hsa-miR-320c
hsa-miR-1226-3p,hsa-miR-1226-3p,hsa-miR-1226-3p,hsa-miR-1226-3p,0,0,+,UCACCAGCCCUGUGUUCCCUAG,hsa-miR-1226-3p
hsa-miR-221-3p,hsa-miR-221-3p,hsa-miR-221-3p,hsa-miR-221-3p,0,0,+,AGCUACAUUGUCUGCUGGGUUUC,hsa-miR-221-3p
hsa-miR-29c-3p,hsa-miR-29c-3p,hsa-miR-29c-3p,hsa-miR-29c-3p,0,0,+,UAGCACCAUUUGAAAUCGGUUA,hsa-miR-29c-3p
hsa-miR-33b-5p,hsa-miR-33b-5p,hsa-miR-33b-5p,hsa-miR-33b-5p,0,0,+,GUGCAUUGCUGUUGCAUUGC,hsa-miR-33b-5p
hsa-miR-218-5p,hsa-miR-218-5p,hsa-miR-218-5p,hsa-miR-218-5p,0,0,+,UUGUGCUUGAUCUAACCAUGU,hsa-miR-218-5p
hsa-miR-10b-5p,hsa-miR-10b-5p,hsa-miR-10b-5p,hsa-miR-10b-5p,0,0,+,UACCCUGUAGAACCGAAUUUGUG,hsa-miR-10b-5p
hsa-miR-652-3p,hsa-miR-652-3p,hsa-miR-652-3p,hsa-miR-652-3p,0,0,+,AAUGGCGCCACUAGGGUUGUG,hsa-miR-652-3p
hsa-miR-140-5p,hsa-miR-140-5p,hsa-miR-140-5p,hsa-miR-140-5p,0,0,+,CAGUGGUUUUACCCUAUGGUAG,hsa-miR-140-5p
hsa-miR-18a-3p,hsa-miR-18a-3p,hsa-miR-18a-3p,hsa-miR-18a-3p,0,0,+,ACUGCCCUAAGUGCUCCUUCUGG,hsa-miR-18a-3p
hsa-miR-181a-2-3p,hsa-miR-181a-2-3p,hsa-miR-181a-2-3p,hsa-miR-181a-2-3p,0,0,+,ACCACUGACCGUUGACUGUACC,hsa-miR-181a-2-3p
hsa-miR-183-5p,hsa-miR-183-5p,hsa-miR-183-5p,hsa-miR-183-5p,0,0,+,UAUGGCACUGGUAGAAUUCACU,hsa-miR-183-5p
hsa-miR-1301,hsa-miR-1301,hsa-miR-1301,hsa-miR-1301,0,0,+,UUGCAGCUGCCUGGGAGUGACUUC,hsa-miR-1301
hsa-miR-625-5p,hsa-miR-625-5p,hsa-miR-625-5p,hsa-miR-625-5p,0,0,+,AGGGGGAAAGUUCUAUAGUCC,hsa-miR-625-5p
hsa-miR-23b-3p,hsa-miR-23b-3p,hsa-miR-23b-3p,hsa-miR-23b-3p,0,0,+,AUCACAUUGCCAGGGAUUACCAC,hsa-miR-23b-3p
hsa-miR-345-5p,hsa-miR-345-5p,hsa-miR-345-5p,hsa-miR-345-5p,0,0,+,GCUGACUCCUAGUCCAGGGCUC,hsa-miR-345-5p
hsa-miR-491-5p,hsa-miR-491-5p,hsa-miR-491-5p,hsa-miR-491-5p,0,0,+,AGUGGGGAACCCUUCCAUGAGG,hsa-miR-491-5p
hsa-miR-28-5p,hsa-miR-28-5p,hsa-miR-28-5p,hsa-miR-28-5p,0,0,+,AAGGAGCUCACAGUCUAUUGAG,hsa-miR-28-5p
hsa-miR-3940-3p,hsa-miR-3940-3p,hsa-miR-3940-3p,hsa-miR-3940-3p,0,0,+,CAGCCCGGAUCCCAGCCCACUU,hsa-miR-3940-3p
hsa-miR-126-3p,hsa-miR-126-3p,hsa-miR-126-3p,hsa-miR-126-3p,0,0,+,UCGUACCGUGAGUAAUAAUGCG,hsa-miR-126-3p
hsa-miR-130b-5p,hsa-miR-130b-5p,hsa-miR-130b-5p,hsa-miR-130b-5p,0,0,+,ACUCUUUCCCUGUUGCACUAC,hsa-miR-130b-5p
hsa-miR-374b-5p,hsa-miR-374b-5p,hsa-miR-374b-5p,hsa-miR-374b-5p,0,0,+,AUAUAAUACAACCUGCUAAGUG,hsa-miR-374b-5p
hsa-let-7a-5p,hsa-let-7a-5p,hsa-let-7a-5p,hsa-let-7a-5p,0,0,+,UGAGGUAGUAGGUUGUAUAGUU,hsa-let-7a-5p
hsa-miR-1247-5p,hsa-miR-1247-5p,hsa-miR-1247-5p,hsa-miR-1247-5p,0,0,+,ACCCGUCCCGUUCGUCCCCGGA,hsa-miR-1247-5p
hsa-miR-501-3p,hsa-miR-501-3p,hsa-miR-501-3p,hsa-miR-501-3p,0,0,+,AAUGCACCCGGGCAAGGAUUCU,hsa-miR-501-3p
hsa-miR-618,hsa-miR-618,hsa-miR-618,hsa-miR-618,0,0,+,AAACUCUACUUGUCCUUCUGAGU,hsa-miR-618
hsa-miR-296-5p,hsa-miR-296-5p,hsa-miR-296-5p,hsa-miR-296-5p,0,0,+,AGGGCCCCCCCUCAAUCCUGU,hsa-miR-296-5p
hsa-miR-324-3p,hsa-miR-324-3p,hsa-miR-324-3p,hsa-miR-324-3p,0,0,+,CCCACUGCCCCAGGUGCUGCUGG,hsa-miR-324-3p
hsa-miR-885-3p,hsa-miR-885-3p,hsa-miR-885-3p,hsa-miR-885-3p,0,0,+,AGGCAGCGGGGUGUAGUGGAUA,hsa-miR-885-3p
hsa-miR-96-5p,hsa-miR-96-5p,hsa-miR-96-5p,hsa-miR-96-5p,0,0,+,UUUGGCACUAGCACAUUUUUGCU,hsa-miR-96-5p
hsa-miR-4689,hsa-miR-4689,hsa-miR-4689,hsa-miR-4689,0,0,+,UUGAGGAGACAUGGUGGGGGCC,hsa-miR-4689
hsa-miR-331-3p,hsa-miR-331-3p,hsa-miR-331-3p,hsa-miR-331-3p,0,0,+,GCCCCUGGGCCUAUCCUAGAA,hsa-miR-331-3p
hsa-let-7i-5p,hsa-let-7i-5p,hsa-let-7i-5p,hsa-let-7i-5p,0,0,+,UGAGGUAGUAGUUUGUGCUGUU,hsa-let-7i-5p
hsa-miR-590-3p,hsa-miR-590-3p,hsa-miR-590-3p,hsa-miR-590-3p,0,0,+,UAAUUUUAUGUAUAAGCUAGU,hsa-miR-590-3p
hsa-miR-532-3p,hsa-miR-532-3p,hsa-miR-532-3p,hsa-miR-532-3p,0,0,+,CCUCCCACACCCAAGGCUUGCA,hsa-miR-532-3p
hsa-miR-92b-3p,hsa-miR-92b-3p,hsa-miR-92b-3p,hsa-miR-92b-3p,0,0,+,UAUUGCACUCGUCCCGGCCUCC,hsa-miR-92b-3p
hsa-miR-216a,hsa-miR-216a,hsa-miR-216a,hsa-miR-216a,0,0,+,UAAUCUCAGCUGGCAACUGUGA,hsa-miR-216a
hsa-miR-193a-5p,hsa-miR-193a-5p,hsa-miR-193a-5p,hsa-miR-193a-5p,0,0,+,UGGGUCUUUGCGGGCGAGAUGA,hsa-miR-193a-5p
hsa-miR-137,hsa-miR-137,hsa-miR-137,hsa-miR-137,0,0,+,UUAUUGCUUAAGAAUACGCGUAG,hsa-miR-137
hsa-miR-148b-3p,hsa-miR-148b-3p,hsa-miR-148b-3p,hsa-miR-148b-3p,0,0,+,UCAGUGCAUCACAGAACUUUGU,hsa-miR-148b-3p
hsa-miR-93-3p,hsa-miR-93-3p,hsa-miR-93-3p,hsa-miR-93-3p,0,0,+,ACUGCUGAGCUAGCACUUCCCG,hsa-miR-93-3p
hsa-miR-582-3p,hsa-miR-582-3p,hsa-miR-582-3p,hsa-miR-582-3p,0,0,+,UAACUGGUUGAACAACUGAACC,hsa-miR-582-3p
hsa-miR-874,hsa-miR-874,hsa-miR-874,hsa-miR-874,0,0,+,CUGCCCUGGCCCGAGGGACCGA,hsa-miR-874
hsa-miR-1307-3p,hsa-miR-1307-3p,hsa-miR-1307-3p,hsa-miR-1307-3p,0,0,+,ACUCGGCGUGGCGUCGGUCGUG,hsa-miR-1307-3p
hsa-miR-296-3p,hsa-miR-296-3p,hsa-miR-296-3p,hsa-miR-296-3p,0,0,+,GAGGGUUGGGUGGAGGCUCUCC,hsa-miR-296-3p
hsa-miR-624-5p,hsa-miR-624-5p,hsa-miR-624-5p,hsa-miR-624-5p,0,0,+,UAGUACCAGUACCUUGUGUUCA,hsa-miR-624-5p
hsa-miR-378a-3p,hsa-miR-378a-3p,hsa-miR-378a-3p,hsa-miR-378a-3p,0,0,+,ACUGGACUUGGAGUCAGAAGGC,hsa-miR-378a-3p
hsa-miR-744-5p,hsa-miR-744-5p,hsa-miR-744-5p,hsa-miR-744-5p,0,0,+,UGCGGGGCUAGGGCUAACAGCA,hsa-miR-744-5p
hsa-miR-429,hsa-miR-429,hsa-miR-429,hsa-miR-429,0,0,+,UAAUACUGUCUGGUAAAACCGU,hsa-miR-429
hsa-miR-324-5p,hsa-miR-324-5p,hsa-miR-324-5p,hsa-miR-324-5p,0,0,+,CGCAUCCCCUAGGGCAUUGGUG,hsa-miR-324-5p
hsa-miR-15b-3p,hsa-miR-15b-3p,hsa-miR-15b-3p,hsa-miR-15b-3p,0,0,+,CGAAUCAUUAUUUGCUGCUCUA,hsa-miR-15b-3p
hsa-miR-1269b,hsa-miR-1269b,hsa-miR-1269b,hsa-miR-1269b,0,0,+,CUGGACUGAGCCAUGCUACUGG,hsa-miR-1269b
hsa-miR-128,hsa-miR-128,hsa-miR-128,hsa-miR-128,0,0,+,UCACAGUGAACCGGUCUCUUU,hsa-miR-128
hsa-miR-21-3p,hsa-miR-21-3p,hsa-miR-21-3p,hsa-miR-21-3p,0,0,+,CAACACCAGUCGAUGGGCUGU,hsa-miR-21-3p
hsa-miR-4751,hsa-miR-4751,hsa-miR-4751,hsa-miR-4751,0,0,+,AGAGGACCCGUAGCUGCUAGAAGG,hsa-miR-4751
hsa-miR-183-3p,hsa-miR-183-3p,hsa-miR-183-3p,hsa-miR-183-3p,0,0,+,GUGAAUUACCGAAGGGCCAUAA,hsa-miR-183-3p
hsa-miR-106b-3p,hsa-miR-106b-3p,hsa-miR-106b-3p,hsa-miR-106b-3p,0,0,+,CCGCACUGUGGGUACUUGCUGC,hsa-miR-106b-3p
hsa-miR-340-5p,hsa-miR-340-5p,hsa-miR-340-5p,hsa-miR-340-5p,0,0,+,UUAUAAAGCAAUGAGACUGAUU,hsa-miR-340-5p
hsa-miR-30e-3p,hsa-miR-30e-3p,hsa-miR-30e-3p,hsa-miR-30e-3p,0,0,+,CUUUCAGUCGGAUGUUUACAGC,hsa-miR-30e-3p
hsa-miR-155-5p,hsa-miR-155-5p,hsa-miR-155-5p,hsa-miR-155-5p,0,0,+,UUAAUGCUAAUCGUGAUAGGGGUU,hsa-miR-155-5p
hsa-miR-99a-3p,hsa-miR-99a-3p,hsa-miR-99a-3p,hsa-miR-99a-3p,0,0,+,CAAGCUCGCUUCUAUGGGUCUG,hsa-miR-99a-3p
hsa-miR-194-3p,hsa-miR-194-3p,hsa-miR-194-3p,hsa-miR-194-3p,0,0,+,CCAGUGGGGCUGCUGUUAUCUG,hsa-miR-194-3p
hsa-miR-1285-3p,hsa-miR-1285-3p,hsa-miR-1285-3p,hsa-miR-1285-3p,0,0,+,UCUGGGCAACAAAGUGAGACCU,hsa-miR-1285-3p
hsa-miR-30e-5p,hsa-miR-30e-5p,hsa-miR-30e-5p,hsa-miR-30e-5p,0,0,+,UGUAAACAUCCUUGACUGGAAG,hsa-miR-30e-5p
hsa-miR-33a-3p,hsa-miR-33a-3p,hsa-miR-33a-3p,hsa-miR-33a-3p,0,0,+,CAAUGUUUCCACAGUGCAUCAC,hsa-miR-33a-3p
hsa-miR-1271-3p,hsa-miR-1271-3p,hsa-miR-1271-3p,hsa-miR-1271-3p,0,0,+,AGUGCCUGCUAUGUGCCAGGCA,hsa-miR-1271-3p
hsa-miR-940,hsa-miR-940,hsa-miR-940,hsa-miR-940,0,0,+,AAGGCAGGGCCCCCGCUCCCC,hsa-miR-940
hsa-miR-451a,hsa-miR-451a,hsa-miR-451a,hsa-miR-451a,0,0,+,AAACCGUUACCAUUACUGAGUU,hsa-miR-451a
hsa-miR-30d-5p,hsa-miR-30d-5p,hsa-miR-30d-5p,hsa-miR-30d-5p,0,0,+,UGUAAACAUCCCCGACUGGAAG,hsa-miR-30d-5p
hsa-miR-22-5p,hsa-miR-22-5p,hsa-miR-22-5p,hsa-miR-22-5p,0,0,+,AGUUCUUCAGUGGCAAGCUUUA,hsa-miR-22-5p
hsa-miR-744-3p,hsa-miR-744-3p,hsa-miR-744-3p,hsa-miR-744-3p,0,0,+,CUGUUGCCACUAACCUCAACCU,hsa-miR-744-3p
hsa-miR-195-5p,hsa-miR-195-5p,hsa-miR-195-5p,hsa-miR-195-5p,0,0,+,UAGCAGCACAGAAAUAUUGGC,hsa-miR-195-5p
hsa-miR-1908,hsa-miR-1908,hsa-miR-1908,hsa-miR-1908,0,0,+,CGGCGGGGACGGCGAUUGGUC,hsa-miR-1908
hsa-miR-330-3p,hsa-miR-330-3p,hsa-miR-330-3p,hsa-miR-330-3p,0,0,+,GCAAAGCACACGGCCUGCAGAGA,hsa-miR-330-3p
hsa-miR-301b,hsa-miR-301b,hsa-miR-301b,hsa-miR-301b,0,0,+,CAGUGCAAUGAUAUUGUCAAAGC,hsa-miR-301b
hsa-miR-885-5p,hsa-miR-885-5p,hsa-miR-885-5p,hsa-miR-885-5p,0,0,+,UCCAUUACACUACCCUGCCUCU,hsa-miR-885-5p
hsa-let-7g-5p,hsa-let-7g-5p,hsa-let-7g-5p,hsa-let-7g-5p,0,0,+,UGAGGUAGUAGUUUGUACAGUU,hsa-let-7g-5p
hsa-miR-497-5p,hsa-miR-497-5p,hsa-miR-497-5p,hsa-miR-497-5p,0,0,+,CAGCAGCACACUGUGGUUUGU,hsa-miR-497-5p
hsa-let-7b-5p,hsa-let-7b-5p,hsa-let-7b-5p,hsa-let-7b-5p,0,0,+,UGAGGUAGUAGGUUGUGUGGUU,hsa-let-7b-5p
hsa-miR-16-1-3p,hsa-miR-16-1-3p,hsa-miR-16-1-3p,hsa-miR-16-1-3p,0,0,+,CCAGUAUUAACUGUGCUGCUGA,hsa-miR-16-1-3p
hsa-miR-2277-3p,hsa-miR-2277-3p,hsa-miR-2277-3p,hsa-miR-2277-3p,0,0,+,UGACAGCGCCCUGCCUGGCUC,hsa-miR-2277-3p
hsa-miR-570-3p,hsa-miR-570-3p,hsa-miR-570-3p,hsa-miR-570-3p,0,0,+,CGAAAACAGCAAUUACCUUUGC,hsa-miR-570-3p
hsa-miR-3144-3p,hsa-miR-3144-3p,hsa-miR-3144-3p,hsa-miR-3144-3p,0,0,+,AUAUACCUGUUCGGUCUCUUUA,hsa-miR-3144-3p
hsa-miR-877-5p,hsa-miR-877-5p,hsa-miR-877-5p,hsa-miR-877-5p,0,0,+,GUAGAGGAGAUGGCGCAGGG,hsa-miR-877-5p
hsa-miR-95,hsa-miR-95,hsa-miR-95,hsa-miR-95,0,0,+,UUCAACGGGUAUUUAUUGAGCA,hsa-miR-95
hsa-miR-200a-3p,hsa-miR-200a-3p,hsa-miR-200a-3p,hsa-miR-200a-3p,0,0,+,UAACACUGUCUGGUAACGAUGU,hsa-miR-200a-3p
hsa-miR-1909-3p,hsa-miR-1909-3p,hsa-miR-1909-3p,hsa-miR-1909-3p,0,0,+,CGCAGGGGCCGGGUGCUCACCG,hsa-miR-1909-3p
hsa-miR-548h-3p,hsa-miR-548h-3p,hsa-miR-548h-3p,hsa-miR-548h-3p,0,0,+,CAAAAACCGCAAUUACUUUUGCA,hsa-miR-548h-3p
hsa-miR-450a-5p,hsa-miR-450a-5p,hsa-miR-450a-5p,hsa-miR-450a-5p,0,0,+,UUUUGCGAUGUGUUCCUAAUAU,hsa-miR-450a-5p
hsa-miR-500a-3p,hsa-miR-500a-3p,hsa-miR-500a-3p,hsa-miR-500a-3p,0,0,+,AUGCACCUGGGCAAGGAUUCUG,hsa-miR-500a-3p
hsa-miR-335-5p,hsa-miR-335-5p,hsa-miR-335-5p,hsa-miR-335-5p,0,0,+,UCAAGAGCAAUAACGAAAAAUGU,hsa-miR-335-5p
hsa-miR-196b-5p,hsa-miR-196b-5p,hsa-miR-196b-5p,hsa-miR-196b-5p,0,0,+,UAGGUAGUUUCCUGUUGUUGGG,hsa-miR-196b-5p
hsa-miR-629-3p,hsa-miR-629-3p,hsa-miR-629-3p,hsa-miR-629-3p,0,0,+,GUUCUCCCAACGUAAGCCCAGC,hsa-miR-629-3p
hsa-miR-101-5p,hsa-miR-101-5p,hsa-miR-101-5p,hsa-miR-101-5p,0,0,+,CAGUUAUCACAGUGCUGAUGCU,hsa-miR-101-5p
hsa-miR-5001-3p,hsa-miR-5001-3p,hsa-miR-5001-3p,hsa-miR-5001-3p,0,0,+,UUCUGCCUCUGUCCAGGUCCUU,hsa-miR-5001-3p
hsa-miR-3115,hsa-miR-3115,hsa-miR-3115,hsa-miR-3115,0,0,+,AUAUGGGUUUACUAGUUGGU,hsa-miR-3115
